appid,name
2570,Vigil: Blood Bitterness
10230,Dead Mountaineer's Hotel
12510,Prison Tycoon 3: Lockdown
16020,Samantha Swift and the Hidden Roses of Athena
16060,Samantha Swift and the Golden Touch
24460,King Arthur: Fallen Champions
31870,"Nancy Drew Dossier: Lights, Camera, Curses!"
31980,Nancy Drew: Ransom of the Seven Ships
33760,The Search for Amelia Earhart
36910,All Aspect Warfare
40500,Sacraboar
45200,Defense of the Oasis
46380,Reign: Conflict of Nations
60600,ProtoGalaxy
65200,Dive to the Titanic
73060,Defenders of Ardania
92700,Shadow Harvest: Phantom Ops
99410,Garshasp: Temple of the Dragon
200990,Geneforge 3
201000,Geneforge 4: Rebellion
205270,3DMark 11
206040,Avernum 5
206410,Crazy Machines Elements
216130,Gemini Wars
222500,Rail Adventures - VR Tech Demo
234370,Shattered Haven
246800,BeatBlasters III
252050,Construction Machines 2014
258240,Tank Operations: European Campaign
262300,Tsukumogami
269430,Burning Cars
270760,Realms of Arkania 3 - Shadows over Riva Classic
273030,Pro Rugby Manager 2015
273820,Mining & Tunneling Simulator
279280,Ohmicide
281350,US and THEM
283020,The Campaign Series: Fall Weiss
285670,Galactic Command Echo Squad SE
286440,Rover Rescue
295650,Streng Check
299910,Forgotten Myths CCG
301220,Legends of Persia
301680,Psichodelya
302260,Truffle Saga
302340,Tex Murphy: Martian Memorandum
302370,Tex Murphy: Overseer
305280,Cakewalk Loop Manager
305390,World War 2: Time of Wrath
306930,BattleSpace
307560,Run For Rum
307930,Wildlife Park 2 - Dino World
307990,Wildlife Park 2 - Fantasy
310450,Steel & Steam: Episode 1
314610,Vincere Totus Astrum
315070,Blob From Space
315650,Deep Under the Sky
316240,Professional Lumberjack 2015
316700,Front Page Sports Football
316950,War Operations
317020,Pajama Sam: Games to Play on Any Day
320790,Fabula Mortis
321490,MotoGP14 Compact
322540,Galactic Inheritors
323270,Jane Angel: Templar Mystery
326730,Whisper of a Rose
326960,Killing Floor - Toy Master
326990,Deep Eclipse: New Space Odyssey
327380,Sid Meier's Pirates! Gold Plus (Classic)
327920,BloodNet
328310,Logistics Company
330680,Solar Struggle
334270,Star Traders: 4X Empires
334480,Robinson Crusoe and the Cursed Pirates
335900,Angels of Fasaria: Version 2.0
336780,Pilot Brothers 3: Back Side of the Earth
339820,Starwalker
340030,Dungeon of gain
340840,The Corridor: On Behalf Of The Dead
341160,Steam Heroes
341780,Chronicles of a Dark Lord: Episode II War of The Abyss
342090,The Clans - Saga of the Twins
343340,Tiamat X
343800,Shadowgate: MacVenture Series
343820,Déjà Vu: MacVenture Series
346080,Astro Emporia
346320,Streets of Chaos
348740,Abyss Cave
349460,Lord of the Dark Castle
353990,Parvaneh: Legacy of the Light's Guardians
354030,VolChaos
354960,An Imp? A Fiend!
355020,Bomb The Monsters!
355430,//SNOWFLAKE TATTOO//
355500,Leadwerks Game Launcher
356290,Cuban Missile Crisis: Ice Crusade
358210,Monster Bash
358240,Monuments of Mars
358280,Alien Carnage / Halloween Harry
358300,Major Stryker
358310,Blake Stone: Planet Strike
358330,Pharaoh's Tomb
358400,Shadow Warrior (Classic)
358420,Xenophage: Alien Bloodsport
358440,Dark Ages
358610,Exowar
358930,Star Control III
360590,"Once Bitten, Twice Dead!"
363960,Devils & Demons
364350,The Apotheosis Project
364800,Star Trek: Judgment Rites
366530,Esenthel Engine
366960,SECTOR
367040,InsanZ - Retro Survival Horror
368770,President for a Day - Floodings
370040,Lilly and Sasha: Nexus of Souls
370170,Dale Hardshovel HD
370310,Tompi Jones
370590,Gem Wars: Attack of the Jiblets
372190,Astro Lords: Oort Cloud
375580,Three Days
375620,CortexGear: AngryDroids
377590,IRFaceRig
381170,Lost in Paradise
383520,Lilly and Sasha: Guardian Angels
385020,none
385030,C. Kane
386110,Raywin
387450,Shadow of Kingdoms
388390,"""Glow Ball"" - The billiard puzzle game"
388660,Project Tarvotan
389460,Robot vs Birds Zombies
389530,Garlock Online
389980,Pluto
391590,Dream Chamber
391820,Evolution
393660,Streamline
394720,The Legend of Tango
395910,Get Rich or Die Gaming
396320,Tank Battle: 1944
396530,Fireflies
397420,Hoyle Official Card Games
397820,Let's Sing 2016
397870,Arcane Sorcery
398830,Goggles - World of Vaporia
398970,none
399090,It's time to get out from the solar system
399230,Kitchen Simulator 2015
402170,Puzzle Ball
404850,DARTHY
405440,Ares Omega
407000,Survival Is Not Enough
409420,Knight Adventure
410120,AGON - The Mysterious Codex (Trilogy)
412210,Warfront Defenders: Westerplatte
412540,The Minotaur
416260,The Lost Island
416290,Bleeding Border
418310,Chronicles of a Dark Lord: Rhapsody Clash
423700,Apocalypse Hotel - The Post-Apocalyptic Hotel Simulator!
423740,Save Your Mother
425460,Tokyo Twilight Ghost Hunters Daybreak: Special Gigs
426590,Blood of Magic
429950,ABO MANDO
431740,Chowderchu
432170,Silver Knight
432380,Hydra Slayer
433790,Wooden Floor 2 - Resurrection
434090,Bridge! 2
434300,Wormhole City
434500,BATTLE PIXELS
434890,Eight Mini Racers
436140,Empire of the Gods
436360,Robo's World: The Zarnok Fortress
437180,Chill the Piro
437400,SOLRAVEN
438790,Random Access Murder
440810,1943 Megami Strike
440950,Story Of the Survivor
442000,Alone K.W.
445170,The Haunting of Billy Classic
447920,Drift (Over) Drive
447980,Blast Brawl 2
448060,X-17
448710,VirZOOM Arcade
448790,Infinity Wings - Scout & Grunt
449120,Nanobots
449520,Rush for gold: California
449780,Jacob
449940,! That Bastard Is Trying To Steal Our Gold !
452920,Laser Disco Defenders - Rogue Lite Bullet Hell Fun
454080,Burst
454870,Magic Quest
455970,Nokori
456660,Slime & Friends
457670,Vrideo
458030,StarFringe: Adversus
458410,Cabals: Magic & Battle Cards
458890,Within VR - Cinematic Virtual Reality
461280,Missileman Origins
461340,A Timely Intervention
461510,Tears of Avia
462110,3 Coins At School
467090,A Game of Changes
467120,Rising Runner
470130,Eclipse --- Defending the motherland
473540,Raise Your Own Clone
473810,Killbot
477180,Shard Games
482890,Fantasy Kingdom Simulator
485660,Karma Miwa
485830,Star Merc
486480,Tales of Destruction
488480,SpaceRoads
492280,The Agency: Chapter 1
493320,Killing Time
493780,Nightork Adventures - Beyond the Moons of Shadalee
494090,Dungeon Girl
494120,RX squad
496440,The Challenge
497360,"Gabriel Knight 3: Blood of the Sacred, Blood of the Damned"
497590,Sapper's bad dream
498700,The Ember Saga: A New Fire
500380,"UNCORPOREAL - ""Fluffy!"""
500940,GET THE GEMS
500980,Endangered
501030,Extravaganza Rising
502150,Interstellar Logistics Inc
502200,Orczz
508950,Beerman
509930,NightmareZ
511330,Farm Life: Natures Adventure
511960,Gravity Shot
512700,Duckles: the Jigsaw Witch
512770,IACTURA
513150,Daylight's End VR Edition
513600,Energy Invasion
513930,J.U.R : Japan Underground Racing
514480,Fantastic Checkers 2
514490,Ultimate Word Search 2: Letter Boxed
514540,Hate Free Heroes RPG 3.0
516950,STARS Simulation
517010,Aztecalypse
519890,Star Boss
522010,Lost Crew
524030,Machine Learning: Episode I
525070,Captain Lycop : Invasion of the Heters
525100,SLIVER.tv
525460,Sullen: Light is Your Friend
526290,MY FIGHT
526750,The Gleam: VR Escape the Room
527790,Cranium Conundrum
527810,Dynamite Alex
528670,Elems
529920,Resurgence
530550,Bubble Jungle  Super Chameleon Platformer World
530860,The Wanderer
533180,Campfire: One of Us Is the Killer
533340,Captivity
536410,Greenwood the Last Ritual
536490,Perfect Fit - Totemland
537200,Defense Of Greece TD
540360,Jewel Quest Seven Seas Collector's Edition
540640,Tales of the Elements
541380,PhysDrive
541920,Help
542690,Mahsung Deluxe
542710,Dessert Storm
542730,Block Blowout
543170,Project: R.E.B.O.O.T
543650,Last Days
545700,The Land of Dasthir
546490,Heart and Seoul
546660,Operation Breakout
547470,Apokalypsis
547710,Darkness Ahead
548280,NeonBall
548710,Sandstorm
551550,ASSASSINATION BOX
551930,Skater 2D
555260,The Butterfly Sign: Human Error
555850,Galactic Landing
555920,Dark Egypt
562240,The Spirit Underneath
562600,Our Wonderful World
562690,Immersion
562740,Zombie Town VR
563150,interLOGIC
564210,Fishermurs
567040,AffordaGolf Online
568200,Duo
568780,Multishop Tycoon Deluxe
568860,Psycho on the loose
570500,Child Phobia: Nightcoming Fears
571520,Kalaban
572010,No Way Out
573210,Mistwood Heroes
575090,Flame of Memory
575110,Magic Lantern
575630,Permute
575750,Magic Box
575780,Inner silence
575920,Felix Jumpman
576120,Purgatory II
576160,A Long Road Home
576410,Nihilist Simulator
576660,Snake Party
576730,Spirit of Maya
576800,Final Bravely
577890,Arena: Blood on the Sand VR
578440,冒险村传说（Tales of Legends）
578590,City Siege: Faction Island
579150,Riot of the numbers
580910,idleBeer
581100,Langoth
581600,The Albatross
582920,From Shadows
585560,Finnish Roller
585770,Prism Collider
586130,Survival Driver
586600,The Adventures of Fluffy
587710,Xenobox VR
587790,Deadly Animal Duel
588140,ESCAPE FROM VOYNA: Dead Forest
589430,Killer Elite – Time to Die
590440,Carlos III y la difusión de la antigüedad
590870,Planetoid
591990,Cosmic Awakening VR
592100,Flotilla 2
592200,Super Army of Tentacles 3: The Search for Army of Tentacles 2
593670,Sponchies
594720,Star Merchant
595780,Rogue Port - Blue Nightmare
598600,Silence in Space - Season One
599880,Tequila Zombies 3
601180,Doug and Lily
601930,Trianguluv
602140,The Uncertain: VR Experience
602930,Wordlase
603000,Hillbilly Apocalypse
603220,ROTii
603250,My Own Little Planet
604010,Chimpology
604040,Legion Tale
604140,Broccoli Bob
604830,All Alone: VR
604990,Stratside
609100,Gold Rush! 2
610780,Crazy Buggy Racing
612250,Eastwood VR
612590,Mouse Playhouse
612610,Bombinator
612790,INFINITI VR
614460,Amber Tail Adventure
616030,Eventide Night
617420,Animal Rivals
619340,Conjuntalia
619610,Ultratank
619740,The Inevitability
619890,Evil Glitch
620130,Chaos Town
620310,Bonny's Adventure
620350,Dark Hope: A Puzzle Adventure
621150,False Shelter
622920,P-Walker's Simulation
625820,Bionic Battle Mutants
627950,1914: Prelude to Chaos
628190,決戰亞爾薩/Heroes of Arzar
629030,Employee Recycling Center
629380,Cosmic Pioneer
633440,Unit 4
636400,CUBOTS The Origins
636580,Primal Reign
637310,Stream Service
638920,BeanVR—The Social VR APP
642000,Regenesis Arcade Lite
644610,Drums Hero PC
645830,Son Korsan
646360,El Ministerio del Tiempo VR: El tiempo en tus manos
647000,RoBros
648600,FINAL FANTASY XV WINDOWS EDITION MOD ORGANIZER
650720,SlipDrive
652550,Vickinachi
655460,Hooligan Vasja: Halloween
655600,PHAT STACKS 2
656680,Bomb Defense
657810,Blessed Surface
658420,Agents of Aggro City Online
659460,RiotZ
659630,Tiny Toyfare
661300,Radical Spectrum: Volume 2
661670,Renegade Grounds: Episode 1
661950,FlyingRock: Arena
662470,SoundLites
662700,Chop and Drop VR
663760,Outgun
664030,Time To Walk Alone
666090,Bad Government
667360,Hooligan Vasja: Christmas
669440,IKAROS
671310,Pararea--Social VR for Everyone (Beta)
671580,NeoCube
673900,Avem33
676490,Heroes of Civilizations
680170,VR Triber
680780,DEATH TRAIN - Warning: Unsafe VR Experience
683960,Tower And Guardian 塔与守护者
684250,月之暗面 The Dark Side Of The Moon
686870,Lost Items
687280,The Awakening
688630,Nightork Adventures 2 - Legacy of Chaos
690250,Judge Dredd 95
692530,Community Garden
697970,Pyramaze: The Game
700060,Space Station Continuum
701900,Splat the Blob
703210,My Little Worms
703920,Bang Bang Fruit 2
704430,Space Survivors I: The Reckoning
704880,Trident's Wake
708450,Pembrey
708990,Turtle's Quest
709480,麻将VR
711070,Kim Jong-Boom
711560,Stone Flower
715810,Project Amalthea: Battlegrounds
716900,El Ministerio del Tiempo VR: Salva el tiempo
717190,Super Dungeon Master Ace RPG
719300,Daemonsgate
719540,VR DREAM MATCH BASEBALL
719950,Windows Mixed Reality for SteamVR
721420,FIGHTING BOX
723760,Steamburg
724430,Knights Hunt
727280,Scrap
728050,❂ Heroes of Hexaluga ❂
730090,Travel VR
731320,Speebot
735460,Highway Madness
738080,Creatio Ex Nihilo: Aition
738190,Morth
739240,The Ghosts of Hackney Mills
741320,The Song of Terminus  終焉的迴響:護界者之歌
742540,Keep Rollin!
744610,TAD: That Alien Dude
745250,YAPP: Yet Another Puzzle Platformer
745750,Viking Village
746350,Air Combat Arena
747210,Voyage Senki VR 海洋传说 VR
751200,Puzzle Tactics
753090,Marius
754320,Pixel Noir
757380,Ship Ahoy Open BETA
758010,Big NEON Tower VS Tiny Square
759500,Dragon Hunter
763770,Space Stories: Darth Star
767100,Super Poop
769630,紅蜘蛛外伝：暗戦
770090,La Camila: A VR Story
780740,Silent Footsteps
783070,Robotics in VR
783140,Removed
787120,There Is No Tomorrow
787140,The Adventures of Kusoge
787750,Blazing Core (beta)
791380,Way Out
791950,Hiking Simulator 2018
792640,Inca Blocks
793240,Merlin vs Zombies
793250,Casino Poker
798950,Logout
800160,斗地主VR
800350,Casino Blackjack
801610,Amigo Fishing
801910,Orbos
803010,Supermedium - Virtual Reality Browser
805520,The Dwarves of Glistenveld
809150,Tesseract VR
812190,Miasma Caves
813440,DrillsVR
815240,Forest Harvester Simulator
815260,Lords of Kingdoms
815840,Sword Mans
819950,Archer's story
821680,Military Operations: Benchmark
831450,Kolb Antarctica Experience
834210,Clicker Planet
834450,Roarr! The Adventures of Rampage Rex
834470,Zima uhodi!
838530,Ball Escape
839680,The Front of Greed
840620,Geometry Boxer
840940,Spirits of Metropolis: Legacy Edition
841030,Fairy Escape
845200,❂ Hexaluga ❂ Weapon and Shield ☯
845530,Imperialism: The Dark Continent
845570,Super Punchman
847660,Story: Heaven & Hell (Complete Edition)
849320,Tank Rush
850500,Slum Ball VR Tournament
851840,Strangers of the Power 2
855530,New Ice York
857410,Red Spider3: A Heroine Never Dies
862120,Deconstructor
863560,Slime CCG
863940,Treasure Adventure Game
864020,Lost Legend
865770,Caffeine
868190,Sapper boom!
869370,The Goracle
872040,Hovership Havoc
873910,Rail World
874830,School of Horror
875780,Trivia King
875790,The Movie Trivia Challenge
876500,HyperDot
878570,Cryptochain
880830,Cavesweeper
881230,Top Down Racer
882280,Tinkr Garage
884770,Astro Bouncer
885240,Tower Stacker
885730,Aerial Guardian
886220,Thunderballs VR
887550,Dimetrosaur
889220,A Stickman Reality
889530,Sharp
890300,Kitrinos: Inside the Cube
891200,Bike Dash Excite!
891960,WebbVR: The James Webb Space Telescope Virtual Experience
893740,Memory Trainer
894120,Ghostman: The Council Calamity
895330,Unblock: The Parking
895570,Fairy Rescue
898010,Ratten Reich - Dance of Kings
905270,Merlin Soccer
905300,Daytona Racing
906170,Metal Brigade Tactics
907710,This is the Zodiac Speaking
907920,建筑大冒险 Architectural Adventure
908180,Space Maze
908500,crazy maze ~疯狂迷宫 ~ 狂った迷路 ~ Laberinto loco ~ Labyrinthe fou ~ Verrücktes Labyrinth
912760,Volcanic Blocks
912820,Survive in Angaria 2
914230,Swamp Jump
914450,Test Subject 901
920500,Construction Charlie
920580,Tanks With Hands: Armed and Treaded
920640,Emitters - Drone Invasions
924040,Fairy Tower Defense
924810,Idle Kingdom Builder
926420,Model Railway Easily Christmas
926720,Kyiv: from dusk till dawn with Lenovo Explorer
927080,Space Fox Kimi
928370,Axe Throw VR
933070,Cold Blooded Cube
934830,Circuit Slinger
937130,Color Guardian
939930,Beach Pong
943290,Zombie school-丧尸学院
946690,RPGGAME
947310,Wonderland Trails
950600,Zoological Era
950890,Game Master Plus
951640,Gangsta Sniper
953440,"And You're There, Too"
954070,Beat Boxers
954170,Backyard Brawl
956000,Su Hack
956540,Color Phase
964070,Aim Theory - Trainer
966420,Hell Breaker
972280,Deep Space Shooter
973390,Empires:The Rise
975230,Das Geisterschiff / The Ghost Ship
976840,Happy Vampire Girl
979170,CARDCORE
982010,ZDF History 360° – Tempelhof
984240,School Grounds
985510,Necken
987910,WarZone Flashpoint
989000,Ruthless Water
1002970,Freefall 3050AD
1011110,Nero GameVR
1014270,Plaguepunk Justice
1014350,Once A Stray
1014810,Happy Words
1024970,Quantum Legend - VR Experience
1025500,Age-Old Cities VR
1032260,Dodge This!
1033640,SYNAPTIC DRIVE
1039110,Ikarus
1042910,Desdemona
1043610,Cold Cable: Lifeshift
1045020,Blanket Heavy With Nightmares
1045130,Raatihuone
1045680,Money Makes Money
1045850,The Walsingham Files - Chapter 1
1050170,Terramancer
1054180,Cheeky Beetle And The Unlikely Heroes
1054300,the fairytale of DEATH
1054310,Fade Out
1056330,L.S.S II
1058840,Super Web Kittens: Act I
1062410,Nekoland Studio
1065390,Virtual Hero VR
1066230,Project Katharsis
1068980,It Runs Red
1069090,PureDesktop
1081810,时之扉
1087310,DOOMTANK
1088070,HUNTERS FOR YOUR BRAIN
1089080,Superstar Hero
1090580,Gamehunt
1091030,LithoBreak
1098390,Project Wasteland: The Mythiclands
1098540,Monsters sandbox
1099400,唤境引擎 Evkworld
1101980,白石洲往事
1104320,The Treasure of the Dragon
1106970,Insect Simulator
1109100,El Tesoro de Isla Alcachofa
1112440,Falco Engine
1113370,Drone Wars VR
1114420,PLAY'A VR  Video Player
1121650,Dark Zone Defense
1124210,Heroes of Shaola
1125420,Death and Progress
1126580,The Captain is Dead
1129110,Magistrangers
1129210,A Million Conquests
1130700,AVABEL ONLINE
1141160,Fractalis
1142360,Hope for City
1145240,Dawn of the Dragons: Ascension
1146500,Adventure Slime
1156910,Galactic Management
1162570,The Protagonist: EX-1
1165270,Synthesis Universe -Episode 00-
1173950,Debugger 3.16 // Recoded // Despair of the Developer Edition
1175250,Finders Reapers
1175720,Gerritory
1183840,Dungeon of Rikka
1184530,Aurora - Hidden Colors
1185370,Parked In The Dark
1186670,Fateless
1193200,K37-D
1193350,生物知识格斗大赛
1198490,All That Remains: Part 1
1202100,Bodyless
1204320,Ephemeral Tale
1210770,Battle Team
1212450,Mineirinho Shooter DC
1215720,Hero's Journey
1219310,欢乐逗病毒TD
1219590,HEAT REBORN
1221330,One Shot
1226420,The Tide Intro
1230570,Shotgun n  Zombies
1232410,孙美琪疑案 第二季
1233030,Armorik the Viking: The Eight Conquests
1233460,Star Escape
1241110,ANARCHY
1245930,Flaming Friday Night
1248150,Warshmallows
1249620,"Adventures of JQ Jones: ""Isle of the Serpent Empress"""
1250610,Flash Snooker Game
1255060,THE SKIES: REBORN
1255420,Murders in Space
1256480,A Siren's Call
1257550,Mercenary Skirmish
1257720,Help Me Now
1257950,Motor Mash
1259280,ambr
1261750,Em-A-Zurvival
1263920,Dark Space
1265270,Madness Fantasy
1266680,Strobophagia | Rave Horror
1270570,All Over
1275810,Stan Lee's Verticus
1276090,Creator Adventure Legend
1277360,异界大陆
1278000,HistoryMaker VR
1278290,xDasher
1281150,Modiverse
1283580,Minimalist Space War
1283610,Protoball Beta
1286810,Mission Biotech
1287180,Squares
1288790,BeachHead 2020
1290390,PT+
1290830,逃出图书馆(Escape from Library)
1292880,Hit Zero: Chronos
1293950,Masquerade of Miasma
1295670,My Strong Horse
1299710,Return of the Phantom
1299720,Les Manley in: Search for the King
1300060,SMIB: Mission Cure
1303270,Ungeon
1305500,Captain Disaster in: The Dark Side of the Moon
1307370,Rain City
1308660,Gun Master
1311730,lost cube
1312160,Astro Dash
1313330,HEDE Game Engine
1315250,Escape from the Cosmic Abyss
1320710,Glitch Escape
1324730,Steam revolution VR
1330290,READY AIM FIRE
1331120,Kármán line: the edge of war
1331610,Super Neo Tanks
1331670,International Space Banana
1333530,Acolyte: Prologue
1335810,Bunny's Maze
1336230,AVRACH RESURRECTION
1337170,Lords of the Shattered Kingdom
1337600,Wetware
1338090,The Zombie's Horror
1339220,Matts Project Zombies
1339790,Battleground
1340410,Carnage
1340850,韦弗利山 - Waverly Hills
1340910,From The Grave
1341400,Oniria Crimes
1341830,Steel Thunder
1341960,Fuhrer in LA - Special Edition
1342220,Jurassic Fantasy
1342600,Oneons: Prisoners
1342900,Basketing
1343140,Choices That Matter: And The Sun Went Out
1343700,Break Space: Out of Bounds
1344340,GALSAD - Galactic Salvage and Disposal
1344520,Apprentice Arriving
1344790,Unsung Kingdom
1344800,Twin-Turbo Supercharged Nitro-Fueled Papamobile
1345050,Wotheguel
1345830,迷宫：消灭机器人
1345980,Survive.com
1346310,Project Senko
1346400,Battle Engine Aquila
1346800,PERFECT MATTER
1350170,EscapeVr
1350470,Impossible Target
1350920,Liege Dragon
1352380,Guts 'N Goals: Preseason
1352440,Brick Building
1353130,Hoplichess
1353950,Ring of Fire: Prologue
1354370,Bound Forest Alpha
1354530,Ultikill
1355050,Traurig Secrets: Prologue
1355300,Swallow The Blue
1355390,Obreno: Chapter One
1356160,Andromeda One Zombies
1357490,Gunboat
1357540,Altered Destiny
1358050,Sanatorium «Anthropocene Retreat»
1358100,Directional Isolation VR
1358430,War War
1358880,Liberated: Free Trial
1359520,ENCODE
1360280,CATMAN-GIMMICK ACTION GAME-
1360890,JUST A GAME
1361020,Living the Nightmare
1361240,Teenage Blob: Paperperson - The First Single
1361480,"Robots, Death & Venice"
1362400,Critical Zone
1363810,Astra
1365590,Timewalk Tower Defense
1365760,Defold
1366270,Primal Carnage: Extinction - Workshop Tool
1366680,San Diablos
1367160,Wetlands
1368560,Rogue Randy
1368620,Healing Movement
1368830,回纹战棋
1369570,Spirit Messages
1369800,Spaceslingers
1369830,Kaiju Krashers
1370570,First Person Shooter Kit Showcase
1370950,Out of Oblivion
1371050,Illness in the East
1372260,Watch Your Helmet
1372640,Candle In Darkness
1373170,Slimesphere
1373500,Mist of the Undead
1373770,Sea Legends
1373810,Orlando Theme Park VR - Roller Coaster and Rides
1376470,Hunted
1377160,Enlightened Sentinel
1377240,Five-Finger Gunslinger
1377680,CROSSFIRE II (2002)
1378390,Endurance - space action
1378860,Cubic Currency
1379270,Wild Dose: First Session
1380260,Space Empires: Starfury
1380400,Saving Grace
1380630,The Adventures of Wolf and Hood - A Jigsaw Tale
1381770,フォーチュンサモナーズ -アルチェの精霊石-
1382350,The Beast of Stormy Forest
1382890,Mystic Midway: Rest in Pieces
1382920,Caravan Trade Tycoon
1383400,Crystal Ortha
1383850,Gurobu
1383920,Shattering Obsidian
1385190,After The War
1386110,Xentron Attack
1386460,Zodiakalik
1388030,Bocce VR Simulator
1388130,Religion inc God Simulator
1388860,Unmemory
1388910,Deadly Forest
1389010,Deathroids
1389190,Rear of Business
1389370,Jumpala: Tryouts Edition
1389410,Record of Battle 3D Maiden Wars
1389540,Wesprau Senki
1390000,Antadin DX
1390370,Winds Rhapsody
1391740,S H R i M P
1392750,Lost Patrol
1393220,Electrify
1393960,Battle Command
1394700,Takorita Meets Fries
1395450,Shell Shuffle
1397040,Sanguine Melancholia
1397170,Anime Wave Simulator
1397690,Riot At World
1398270,Furgal's Jetpack
1399040,This Is Not Chess
1399480,California Games
1399760,Randomlands
1400680,Impossible Mission II
1401150,Black Hole Simulator
1401360,Friendly Find
1401750,Mission Z
1402400,Arcanbreak
1402460,BattleStick 2
1403080,Radioactive dwarfs: evil from the sewers
1403460,Flavortown
1406350,Guns N Stuff
1408220,破坏效应
1408860,Silence Channel
1409250,Harmless Demons
1409520,The Worst Game Ever
1409670,Bright Memory: Infinite Ray Tracing Benchmark
1411940,Silence in the Dark
1414500,Voyeur
1415020,Bloody Service
1415200,Pitched Battle
1415250,RE: Get To Schol On Time
1415480,10mg: Locked In
1417090,NEON STRUCT: Carrion Carrier
1417940,捕鱼炸翻天
1417970,Surprise Party!
1419130,Airstrife: Assault of the Aviators
1419190,Way Walkers: University
1419200,Way Walkers: University 2
1422180,Galactic Crew II
1423410,Zone of Death
1423420,Sublunar
1424010,Slaves of Magic prelude
1425110,Space Empires I
1425580,Last Soul - Prologue
1427150,The Episodic
1427640,All-Time Battle
1429700,ARCADEON VR
1430140,Space Empires II
1431190,Bunny's Trail
1432220,G.I. Joe: Operation Blackout
1433550,Space Gladiators: The Hole
1434780,Tech Madness
1435230,BLACKBODY THEORY OF MOTION
1436240,Krakatoa
1436440,Sleeper Cell
1436930,Temple of Apshai Trilogy
1437270,Pleiades - A Subversion Saga Game
1438710,Modern Arena
1440330,In It Together
1442150,Raidfield 2
1443360,Arcante
1443500,Frog's Princess
1444170,DOGMAN
1444740,Maniac Path
1446090,PAGO FOREST: DRAGON'S REVENGE
1446180,Leak Elite
1447410,Mandew vs the Colorless Curse
1447920,Video World
1448520,Magicians' Legacy: Prologue
1449140,Foglight
1452950,Seditionis: Tower Defense
1454100,Project Hive
1456230,Escape / 逃脱
1456280,Battle Arena VR
1456630,Dawn of the Mexica
1457920,VITATIO 3
1457930,Red Rage
1458330,Mythlands: Flappy Dragon
1462210,Battle Bugs
1463030,Jump With Dragons
1463960,PSweet
1464200,Divine Stone
1464420,Tower
1464840,Monolith
1466260,Two Die
1467340,Quintaesencia
1467590,Pirates of Frontiers Reach
1468000,These Nights Alone
1468370,Snow Strike
1469160,Wartune Reborn
1469330,Unlimited Fight
1469370,Lighthouse Keeper
1469750,3x3 the adventure game
1470660,Amborettio
1471240,Text RPG
1471680,Cyclemania
1472060,Apollyon: River of Life
1473000,Lumber Party
1473640,Space Nations - Battlearena
1474000,Age of ilcoin VR : Retribution
1474990,Deceased
1476080,Grow Big (or Go Home): Ultimate Edition
1476920,football girl
1477050,Grim wanderings 2
1477320,Warring States
1477570,Gunspell 2 – Match 3 Puzzle RPG
1477900,Ricky did nothing wrong
1480260,Rathe: The Beginning
1480410,Sentinel: Cursed Knight
1482610,Critical Damage
1483110,Alien AI
1485630,Colonials Programme
1486520,Mermaid Adventures: The Magic Pearl
1486660,Dragon VR
1488620,Blind Shot
1488640,Wholesome Slaughter
1489840,Fortoresse
1489880,Orange Cast: Prologue
1490010,Phoenix Squadron: Northern Star
1490970,Freaky Clown : Town Mystery
1491850,ZombieWave-UnlimitedChallenges
1492930,IMUGI
1494390,Nostalgici Anonimi
1495250,LineVox
1495670,Leaper
1499520,スピリットウィッシュ〜三英雄と冒険の大地‪〜
1499640,Y.E.T.I
1500600,Demonpact: Clarice
1500650,Cyber Girl
1501110,Aim: Warmup
1501760,Rogun Arena
1502760,Dungeon Delver
1503350,Cyberpunch
1503440,DreamScapes Dimensions
1506630,Minicraft Shooter
1507260,Cannon Lab 13
1511950,Magellania
1512520,4096
1512530,极限求生
1512860,Pixelot
1513090,Blimps
1513390,夏日的回忆
1513950,Motor Assailant: Prologue
1514910,LURE: FREE
1515980,Kill Demons
1516320,Skeleton King
1516960,Flying Frags World Tour
1517440,Star Aegis
1519130,CARGAME
1520570,DreamCatcher: Reflections Volume 1
1521980,Giants
1522770,The Sych story
1522860,flaming/million
1524160,孙美琪疑案 第四季
1525770,The Dark Side of the Moon
1526780,Dark Podval
1526790,Soldier in the darkness
1527090,Cat's Menace
1527710,Earth Elements
1536830,41 Hours: Prologue
1540430,Retro Classix: Gate of Doom
1540780,救赎之路 (Lama Azavtani）
1540960,Underworld Idle
1543020,Rise 2.0
1543270,Clash of Irons
1547030,Outcasts of Orion
1547110,Commandos Pro Simulator
1547470,PewPew!
1548890,"Colossus Mission - adventure in space, arcade game"
1549200,Anachronism\>
1549980,Dairy Dave
1550050,Raptors of SouthEdge
1550800,Omega-Altro
1553200,All-Inn
1553420,Rifle Strike
1557060,Wonhon: Prologue
1560560,村庄-The Village
1561560,Deadly Daycare VR
1561610,Sweep
1561670,Dominating the skies
1571120,Crucible
